iso2,country,factor_year,scenario,electricity_intensity_kwh_per_t_product,electricity_component_kgco2e_per_t_product,scenario_gross_dry_output_t_per_reference_input,electricity_component_kgco2e_per_t_reference_input,boundary
SE,Sweden,2021,C0_clean_selective,60.35,1.624744225690209,0.7392000000000001,1.2010109316302027,electricity component only; no JRC avoided-credit subtraction
SE,Sweden,2021,C1_moderate_selective,60.35,1.624744225690209,0.714,1.1600673771428092,electricity component only; no JRC avoided-credit subtraction
SE,Sweden,2021,C2_high_contamination,60.35,1.624744225690209,0.546,0.8871103472268541,electricity component only; no JRC avoided-credit subtraction
FI,Finland,2021,C0_clean_selective,60.35,4.431435164310025,0.7392000000000001,3.2757168734579705,electricity component only; no JRC avoided-credit subtraction
FI,Finland,2021,C1_moderate_selective,60.35,4.431435164310025,0.714,3.1640447073173577,electricity component only; no JRC avoided-credit subtraction
FI,Finland,2021,C2_high_contamination,60.35,4.431435164310025,0.546,2.419563599713274,electricity component only; no JRC avoided-credit subtraction
FR,France,2021,C0_clean_selective,60.35,5.221001708290093,0.7392000000000001,3.859364462768037,electricity component only; no JRC avoided-credit subtraction
FR,France,2021,C1_moderate_selective,60.35,5.221001708290093,0.714,3.727795219719126,electricity component only; no JRC avoided-credit subtraction
FR,France,2021,C2_high_contamination,60.35,5.221001708290093,0.546,2.8506669327263907,electricity component only; no JRC avoided-credit subtraction
LT,Lithuania,2021,C0_clean_selective,60.35,6.00689075096707,0.7392000000000001,4.440293643114859,electricity component only; no JRC avoided-credit subtraction
LT,Lithuania,2021,C1_moderate_selective,60.35,6.00689075096707,0.714,4.288919996190488,electricity component only; no JRC avoided-credit subtraction
LT,Lithuania,2021,C2_high_contamination,60.35,6.00689075096707,0.546,3.2797623500280206,electricity component only; no JRC avoided-credit subtraction
DK,Denmark,2021,C0_clean_selective,60.35,8.322178827282496,0.7392000000000001,6.151754589127222,electricity component only; no JRC avoided-credit subtraction
DK,Denmark,2021,C1_moderate_selective,60.35,8.322178827282496,0.714,5.942035682679702,electricity component only; no JRC avoided-credit subtraction
DK,Denmark,2021,C2_high_contamination,60.35,8.322178827282496,0.546,4.543909639696243,electricity component only; no JRC avoided-credit subtraction
BE,Belgium,2021,C0_clean_selective,60.35,12.580203045336612,0.7392000000000001,9.299286091112824,electricity component only; no JRC avoided-credit subtraction
BE,Belgium,2021,C1_moderate_selective,60.35,12.580203045336612,0.714,8.98226497437034,electricity component only; no JRC avoided-credit subtraction
BE,Belgium,2021,C2_high_contamination,60.35,12.580203045336612,0.546,6.868790862753791,electricity component only; no JRC avoided-credit subtraction
SI,Slovenia,2021,C0_clean_selective,60.35,14.173493310684261,0.7392000000000001,10.477046255257807,electricity component only; no JRC avoided-credit subtraction
SI,Slovenia,2021,C1_moderate_selective,60.35,14.173493310684261,0.714,10.119874223828562,electricity component only; no JRC avoided-credit subtraction
SI,Slovenia,2021,C2_high_contamination,60.35,14.173493310684261,0.546,7.738727347633607,electricity component only; no JRC avoided-credit subtraction
ES,Spain,2021,C0_clean_selective,60.35,14.264065373983964,0.7392000000000001,10.543997124448948,electricity component only; no JRC avoided-credit subtraction
ES,Spain,2021,C1_moderate_selective,60.35,14.264065373983964,0.714,10.18454267702455,electricity component only; no JRC avoided-credit subtraction
ES,Spain,2021,C2_high_contamination,60.35,14.264065373983964,0.546,7.788179694195245,electricity component only; no JRC avoided-credit subtraction
PT,Portugal,2021,C0_clean_selective,60.35,14.972233502589583,0.7392000000000001,11.067475005114222,electricity component only; no JRC avoided-credit subtraction
PT,Portugal,2021,C1_moderate_selective,60.35,14.972233502589583,0.714,10.690174720848962,electricity component only; no JRC avoided-credit subtraction
PT,Portugal,2021,C2_high_contamination,60.35,14.972233502589583,0.546,8.174839492413913,electricity component only; no JRC avoided-credit subtraction
HU,Hungary,2021,C0_clean_selective,60.35,16.03148252693813,0.7392000000000001,11.850471883912668,electricity component only; no JRC avoided-credit subtraction
HU,Hungary,2021,C1_moderate_selective,60.35,16.03148252693813,0.714,11.446478524233825,electricity component only; no JRC avoided-credit subtraction
HU,Hungary,2021,C2_high_contamination,60.35,16.03148252693813,0.546,8.75318945970822,electricity component only; no JRC avoided-credit subtraction
AT,Austria,2021,C0_clean_selective,60.35,16.978204684305243,0.7392000000000001,12.550288902638437,electricity component only; no JRC avoided-credit subtraction
AT,Austria,2021,C1_moderate_selective,60.35,16.978204684305243,0.714,12.122438144593943,electricity component only; no JRC avoided-credit subtraction
AT,Austria,2021,C2_high_contamination,60.35,16.978204684305243,0.546,9.270099757630664,electricity component only; no JRC avoided-credit subtraction
LU,Luxembourg,2021,C0_clean_selective,60.35,20.127357676198027,0.7392000000000001,14.878142794245584,electricity component only; no JRC avoided-credit subtraction
LU,Luxembourg,2021,C1_moderate_selective,60.35,20.127357676198027,0.714,14.370933380805392,electricity component only; no JRC avoided-credit subtraction
LU,Luxembourg,2021,C2_high_contamination,60.35,20.127357676198027,0.546,10.989537291204124,electricity component only; no JRC avoided-credit subtraction
EE,Estonia,2021,C0_clean_selective,60.35,21.20947322891053,0.7392000000000001,15.678042610810664,electricity component only; no JRC avoided-credit subtraction
EE,Estonia,2021,C1_moderate_selective,60.35,21.20947322891053,0.714,15.143563885442116,electricity component only; no JRC avoided-credit subtraction
EE,Estonia,2021,C2_high_contamination,60.35,21.20947322891053,0.546,11.58037238298515,electricity component only; no JRC avoided-credit subtraction
IT,Italy,2021,C0_clean_selective,60.35,23.133650194282456,0.7392000000000001,17.100394223613595,electricity component only; no JRC avoided-credit subtraction
IT,Italy,2021,C1_moderate_selective,60.35,23.133650194282456,0.714,16.517426238717672,electricity component only; no JRC avoided-credit subtraction
IT,Italy,2021,C2_high_contamination,60.35,23.133650194282456,0.546,12.630973006078221,electricity component only; no JRC avoided-credit subtraction
SK,Slovakia,2021,C0_clean_selective,60.35,23.889693548872057,0.7392000000000001,17.659261471326225,electricity component only; no JRC avoided-credit subtraction
SK,Slovakia,2021,C1_moderate_selective,60.35,23.889693548872057,0.714,17.057241193894647,electricity component only; no JRC avoided-credit subtraction
SK,Slovakia,2021,C2_high_contamination,60.35,23.889693548872057,0.546,13.043772677684144,electricity component only; no JRC avoided-credit subtraction
NL,Netherlands,2021,C0_clean_selective,60.35,24.530072210473335,0.7392000000000001,18.132629377981893,electricity component only; no JRC avoided-credit subtraction
NL,Netherlands,2021,C1_moderate_selective,60.35,24.530072210473335,0.714,17.51447155827796,electricity component only; no JRC avoided-credit subtraction
NL,Netherlands,2021,C2_high_contamination,60.35,24.530072210473335,0.546,13.393419426918442,electricity component only; no JRC avoided-credit subtraction
HR,Croatia,2021,C0_clean_selective,60.35,25.095783988029496,0.7392000000000001,18.550803523951405,electricity component only; no JRC avoided-credit subtraction
HR,Croatia,2021,C1_moderate_selective,60.35,25.095783988029496,0.714,17.91838976745306,electricity component only; no JRC avoided-credit subtraction
HR,Croatia,2021,C2_high_contamination,60.35,25.095783988029496,0.546,13.702298057464105,electricity component only; no JRC avoided-credit subtraction
RO,Romania,2021,C0_clean_selective,60.35,25.23720008868459,0.7392000000000001,18.655338305555652,electricity component only; no JRC avoided-credit subtraction
RO,Romania,2021,C1_moderate_selective,60.35,25.23720008868459,0.714,18.0193608633208,electricity component only; no JRC avoided-credit subtraction
RO,Romania,2021,C2_high_contamination,60.35,25.23720008868459,0.546,13.779511248421787,electricity component only; no JRC avoided-credit subtraction
LV,Latvia,2021,C0_clean_selective,60.35,26.368832317882198,0.7392000000000001,19.491840849378523,electricity component only; no JRC avoided-credit subtraction
LV,Latvia,2021,C1_moderate_selective,60.35,26.368832317882198,0.714,18.827346274967887,electricity component only; no JRC avoided-credit subtraction
LV,Latvia,2021,C2_high_contamination,60.35,26.368832317882198,0.546,14.39738244556368,electricity component only; no JRC avoided-credit subtraction
DE,Germany,2021,C0_clean_selective,60.35,26.462750950598053,0.7392000000000001,19.561265502682083,electricity component only; no JRC avoided-credit subtraction
DE,Germany,2021,C1_moderate_selective,60.35,26.462750950598053,0.714,18.894404178727008,electricity component only; no JRC avoided-credit subtraction
DE,Germany,2021,C2_high_contamination,60.35,26.462750950598053,0.546,14.448662019026537,electricity component only; no JRC avoided-credit subtraction
IE,Ireland,2021,C0_clean_selective,60.35,26.655141035142915,0.7392000000000001,19.703480253177645,electricity component only; no JRC avoided-credit subtraction
IE,Ireland,2021,C1_moderate_selective,60.35,26.655141035142915,0.714,19.03177069909204,electricity component only; no JRC avoided-credit subtraction
IE,Ireland,2021,C2_high_contamination,60.35,26.655141035142915,0.546,14.553707005188032,electricity component only; no JRC avoided-credit subtraction
MT,Malta,2021,C0_clean_selective,60.35,28.368938549797562,0.7392000000000001,20.97031937601036,electricity component only; no JRC avoided-credit subtraction
MT,Malta,2021,C1_moderate_selective,60.35,28.368938549797562,0.714,20.25542212455546,electricity component only; no JRC avoided-credit subtraction
MT,Malta,2021,C2_high_contamination,60.35,28.368938549797562,0.546,15.48944044818947,electricity component only; no JRC avoided-credit subtraction
EL,Greece,2021,C0_clean_selective,60.35,30.320580201378178,0.7392000000000001,22.41297288485875,electricity component only; no JRC avoided-credit subtraction
EL,Greece,2021,C1_moderate_selective,60.35,30.320580201378178,0.714,21.64889426378402,electricity component only; no JRC avoided-credit subtraction
EL,Greece,2021,C2_high_contamination,60.35,30.320580201378178,0.546,16.555036789952485,electricity component only; no JRC avoided-credit subtraction
BG,Bulgaria,2021,C0_clean_selective,60.35,32.607169145352664,0.7392000000000001,24.103219432244693,electricity component only; no JRC avoided-credit subtraction
BG,Bulgaria,2021,C1_moderate_selective,60.35,32.607169145352664,0.714,23.2815187697818,electricity component only; no JRC avoided-credit subtraction
BG,Bulgaria,2021,C2_high_contamination,60.35,32.607169145352664,0.546,17.803514353362555,electricity component only; no JRC avoided-credit subtraction
CZ,Czechia,2021,C0_clean_selective,60.35,35.58853162114895,0.7392000000000001,26.307042574353307,electricity component only; no JRC avoided-credit subtraction
CZ,Czechia,2021,C1_moderate_selective,60.35,35.58853162114895,0.714,25.410211577500352,electricity component only; no JRC avoided-credit subtraction
CZ,Czechia,2021,C2_high_contamination,60.35,35.58853162114895,0.546,19.43133826514733,electricity component only; no JRC avoided-credit subtraction
CY,Cyprus,2021,C0_clean_selective,60.35,50.251587724517414,0.7392000000000001,37.145973645963274,electricity component only; no JRC avoided-credit subtraction
CY,Cyprus,2021,C1_moderate_selective,60.35,50.251587724517414,0.714,35.87963363530543,electricity component only; no JRC avoided-credit subtraction
CY,Cyprus,2021,C2_high_contamination,60.35,50.251587724517414,0.546,27.43736689758651,electricity component only; no JRC avoided-credit subtraction
PL,Poland,2021,C0_clean_selective,60.35,52.92877562882991,0.7392000000000001,39.12495094483108,electricity component only; no JRC avoided-credit subtraction
PL,Poland,2021,C1_moderate_selective,60.35,52.92877562882991,0.714,37.79114579898455,electricity component only; no JRC avoided-credit subtraction
PL,Poland,2021,C2_high_contamination,60.35,52.92877562882991,0.546,28.899111493341135,electricity component only; no JRC avoided-credit subtraction
